"user_id","name","screen_name","location","description","url","protected","followers_count","friends_count","listed_count","statuses_count","favourites_count","account_created_at","verified","profile_url","profile_expanded_url","account_lang","profile_banner_url","profile_background_url","profile_image_url"
"x4745960293","madison reilly","madsfabs","Pocatello, ID","dallas, isu freshman","https://t.co/J8aUoXntaq",FALSE,260,943,0,199,9657,2016-01-12 01:53:18,FALSE,"https://t.co/J8aUoXntaq","http://Instagram.com/madsfabs","en","https://pbs.twimg.com/profile_banners/4745960293/1519239686","http://abs.twimg.com/images/themes/theme1/bg.png","http://pbs.twimg.com/profile_images/946849640636334080/Cicbkx8u_normal.jpg"
"x760575899334942720","Emetophobia Fix","EmetophobiaFix","Scottsdale, AZ","Learn about emetophobia and how to get rid of it","https://t.co/mRUdr4LRWV",FALSE,139,560,2,10960,1,2016-08-02 20:40:00,FALSE,"https://t.co/mRUdr4LRWV","http://bit.ly/emetophobiaguidedl","en","https://pbs.twimg.com/profile_banners/760575899334942720/1517220103","http://abs.twimg.com/images/themes/theme1/bg.png","http://pbs.twimg.com/profile_images/760580605755011073/1wj25urR_normal.jpg"
"x457875435","JanetW","JanetJme","","Wife, Mum, Friend ... Wine lover!!!",,FALSE,104,398,9,5752,7183,2012-01-07 22:47:10,FALSE,,,"en","https://pbs.twimg.com/profile_banners/457875435/1395610866","http://abs.twimg.com/images/themes/theme1/bg.png","http://pbs.twimg.com/profile_images/857679262379376642/03Gr95bj_normal.jpg"
"x288957020","Britta Syll","helgeb32","minnesota","Tis a privilege to talk nonsense...and to have that nonsense respected.",,FALSE,179,431,0,2818,4227,2011-04-27 19:12:09,FALSE,,,"en","https://pbs.twimg.com/profile_banners/288957020/1486434436","http://pbs.twimg.com/profile_background_images/248433039/denardo.jpg","http://pbs.twimg.com/profile_images/828792051282092032/niilCqO3_normal.jpg"
"x628338599","David Thomson","DavidThomsonNHS","","Associate Director of Nursing. Chair of the Mental Health Nurse Forum Scotland and Scottish Pathways Association. Opinions are my own.","https://t.co/9I9DjJfgW2",FALSE,1262,1458,14,3166,1386,2012-07-06 12:33:00,FALSE,"https://t.co/9I9DjJfgW2","http://www.scottishpathways.com","en",,"http://abs.twimg.com/images/themes/theme1/bg.png","http://pbs.twimg.com/profile_images/2372839757/degih317sk4q28lnibfl_normal.jpeg"
"x395312602","NHS Ayrshire & Arran","NHSaaa","Ayrshire","Our purpose - working together to achieve the healthiest life possible for everyone in Ayrshire and Arran. Our values - Caring, Safe, Respectful","http://t.co/p5xkz85Por",FALSE,9300,322,116,9860,1193,2011-10-21 13:36:52,TRUE,"http://t.co/p5xkz85Por","http://www.nhsaaa.net","en","https://pbs.twimg.com/profile_banners/395312602/1396107047","http://abs.twimg.com/images/themes/theme1/bg.png","http://pbs.twimg.com/profile_images/802149002703736832/VTQx17rW_normal.jpg"
"x1216692434","Elicia","EliciaRopte","Des Moines, IA","",,FALSE,433,293,9,5265,3914,2013-02-24 22:18:35,FALSE,,,"en","https://pbs.twimg.com/profile_banners/1216692434/1497665555","http://abs.twimg.com/images/themes/theme1/bg.png","http://pbs.twimg.com/profile_images/915734301190377472/lubATnt5_normal.jpg"
"x4780491","Oswald B. Craker","hiimcraker","America ","I like cheese.",,FALSE,156,118,18,12721,1055,2007-04-15 17:40:02,FALSE,,,"en","https://pbs.twimg.com/profile_banners/4780491/1511068629","http://pbs.twimg.com/profile_background_images/849188507/ea2058636ac7eea98706a63f95be60fc.jpeg","http://pbs.twimg.com/profile_images/949406381744033792/Y96zLtiO_normal.jpg"
"x26958212","Tara Jepsen","captaindingbat","Los Angeles, CA","Author of Like a Dog, published by @CityLightsBooks
also skateboarder/comic/jerk    
Proprietor of Pave the Way Skateboards with Miriam Klein-Stahl","https://t.co/aMTEQyJBdn",FALSE,1063,1420,26,9284,27665,2009-03-27 05:35:18,FALSE,"https://t.co/aMTEQyJBdn","http://www.tarajepsen.com/","en","https://pbs.twimg.com/profile_banners/26958212/1501266855","http://pbs.twimg.com/profile_background_images/476161098958127104/LIoY_OfA.jpeg","http://pbs.twimg.com/profile_images/814983227894996992/9QfQ6zHp_normal.jpg"
"x600259290","Renata (semi? hiatus)","Rencsiikehh","far enough","#Bangtaned #YoungForever
#OperativeSeven
#English #German #Hungarian",,FALSE,219,233,2,21843,8664,2012-06-05 15:10:21,FALSE,,,"en","https://pbs.twimg.com/profile_banners/600259290/1512913723","http://abs.twimg.com/images/themes/theme1/bg.png","http://pbs.twimg.com/profile_images/859463818761646081/hD4HW7t9_normal.jpg"
"x760575899334942720","Emetophobia Fix","EmetophobiaFix","Scottsdale, AZ","Learn about emetophobia and how to get rid of it","https://t.co/mRUdr4LRWV",FALSE,139,560,2,10960,1,2016-08-02 20:40:00,FALSE,"https://t.co/mRUdr4LRWV","http://bit.ly/emetophobiaguidedl","en","https://pbs.twimg.com/profile_banners/760575899334942720/1517220103","http://abs.twimg.com/images/themes/theme1/bg.png","http://pbs.twimg.com/profile_images/760580605755011073/1wj25urR_normal.jpg"
"x920321157303291907","Ashley Patricia","AshPatKZwaagle","Kitchener, Ontario","üá®üá¶üá≥üá± Studies at the University of Waterloo for üåéGeography and üå±üå±Enviro Management. Fibroüíú Fighter and Volcano enthusiast. üññüèªüåã #resist","https://t.co/yOar5xEeEw",FALSE,51,147,0,183,40,2017-10-17 16:10:37,FALSE,"https://t.co/yOar5xEeEw","http://livingandexistingthroughmyeyes.blogspot.com","en","https://pbs.twimg.com/profile_banners/920321157303291907/1508699255",,"http://pbs.twimg.com/profile_images/933551494397419525/1GUT_Vlr_normal.jpg"
"x1941331526","Gene in Texas","Mean_Gene_1016","Amarillo, Texas","Laughing at Myself, Crying with the world. Loving any who will accept it. Peace Loving Friend to Whoever wants My friendship. Christian believer in Miracles. ‚ù§Ô∏è",,FALSE,83,361,1,2997,2840,2013-10-06 15:47:14,FALSE,,,"en","https://pbs.twimg.com/profile_banners/1941331526/1509943755","http://abs.twimg.com/images/themes/theme1/bg.png","http://pbs.twimg.com/profile_images/927396490170867712/KRbvwYFC_normal.jpg"
"x862192710","üî•‚ùÑMetafron‚ùÑüî•","MetaFlaelli","Alabama, USA","Just a crude gamer dude // Profanity Artist // Rice connoisseur // #PSN Flaelli // #Btag Metafron#1501 // #Twitch affiliate // Modern/Retro","https://t.co/nhiloVP1x6",FALSE,1939,1073,93,42562,25485,2012-10-04 23:30:43,FALSE,"https://t.co/nhiloVP1x6","http://twitch.tv/metafron","en","https://pbs.twimg.com/profile_banners/862192710/1447101806","http://pbs.twimg.com/profile_background_images/623350065516580864/BoK64SgB.jpg","http://pbs.twimg.com/profile_images/892078294413197313/bYH8EkoV_normal.jpg"
"x855045878","Yayaaa.","YayaaDenisee","Houston, TX","Liam Israel üë∂ / Married to @killacp35 ‚ô•Ô∏è",,FALSE,291,218,0,16756,2172,2012-09-30 17:21:53,FALSE,,,"en","https://pbs.twimg.com/profile_banners/855045878/1514309486","http://pbs.twimg.com/profile_background_images/888162694/d55bbc935e9aa897c4e71be5ea4082c5.jpeg","http://pbs.twimg.com/profile_images/963804491056320513/wUGuTprA_normal.jpg"
"x574955005","‚òæChloe Rayburn‚òΩ","ChloeRayburn91","Dayton, Ohio","26 | Married my best friend 6.20.16 | Event Coordinator. @EventsByChloe. | Home & Health products co-owner @b_c_scents |Minecraft Junkie","https://t.co/8nKRkni09C",FALSE,71,175,1,2472,684,2012-05-09 01:47:48,FALSE,"https://t.co/8nKRkni09C","http://adventures-of-chloe-rayburn.tumblr.com/","en","https://pbs.twimg.com/profile_banners/574955005/1413742677","http://pbs.twimg.com/profile_background_images/554431891466489856/zzzSt-sQ.jpeg","http://pbs.twimg.com/profile_images/830795671284416512/ao8EP5ng_normal.jpg"
"x315950881","Ethan Bearman","EthanBearman","California, USA","Radio üìª Host @kgo810 M-F 10am-1pm & 7-10pm PT, 4x Heavy üíØ Talk Radio, ‚úèÔ∏èLiars&Whores, üì∫ @FoxNews @FoxBusiness @CNNi @HLNTV https://t.co/7srKxxgfJN","https://t.co/hfCQ73uSQg",FALSE,3015,839,129,2809,4410,2011-06-12 18:17:22,TRUE,"https://t.co/hfCQ73uSQg","http://www.ethanbearman.com","en","https://pbs.twimg.com/profile_banners/315950881/1497918268","http://pbs.twimg.com/profile_background_images/643811468631117824/NX6a-Kiy.jpg","http://pbs.twimg.com/profile_images/938575488074653696/tEG94hSB_normal.jpg"
"x882365209389793280","peruvian puff pepper","evolsylv","Brooklyn, NY","perfect mix of wholesome and troublesome.",,FALSE,242,320,1,11944,11396,2017-07-04 22:27:14,FALSE,,,"en","https://pbs.twimg.com/profile_banners/882365209389793280/1520621700",,"http://pbs.twimg.com/profile_images/972161472938823680/vljZ2ekg_normal.jpg"
"x235754803","gluteus cuteus","grompuabu","New York | Los Angeles","full-time daydreamer","https://t.co/tH0Fdf1pLJ",FALSE,139,159,2,7046,2655,2011-01-09 00:58:00,FALSE,"https://t.co/tH0Fdf1pLJ","http://instagram.com/abu.nai","en","https://pbs.twimg.com/profile_banners/235754803/1481871763","http://pbs.twimg.com/profile_background_images/790193980/4cf2c20963b2ae7a41fe6ade4cb969e5.jpeg","http://pbs.twimg.com/profile_images/910628353043865601/Z0qkssuU_normal.jpg"
"x431504588","Jackie Welsh","Jaxwel","Glasgow","Improvement Advisor and passionate about the NHS .  All views expressed are my own",,FALSE,385,273,14,1869,1662,2011-12-08 10:41:20,FALSE,,,"en","https://pbs.twimg.com/profile_banners/431504588/1401904604","http://abs.twimg.com/images/themes/theme1/bg.png","http://pbs.twimg.com/profile_images/600346735349735424/aogtYHY7_normal.jpg"
"x724918039364395009","Jeff Holt","jeffholt_troon","Troon","all views are my own. retweets are not endorsements. involved in public involvement and community engagement. enjoy travel.",,FALSE,34,43,0,376,51,2016-04-26 11:08:23,FALSE,,,"en-GB",,,"http://pbs.twimg.com/profile_images/741004566800535552/rrz4h4e3_normal.jpg"
"x407276978","Chris Sharples","ChrisSharples20","Hemel Hempstead","Luton Town supporter . . Since 1965 until I die .",,FALSE,110,387,3,1981,1404,2011-11-07 21:41:16,FALSE,,,"en","https://pbs.twimg.com/profile_banners/407276978/1440276447","http://abs.twimg.com/images/themes/theme17/bg.gif","http://pbs.twimg.com/profile_images/635191571340787716/k3--Z3Ek_normal.jpg"
"x760575899334942720","Emetophobia Fix","EmetophobiaFix","Scottsdale, AZ","Learn about emetophobia and how to get rid of it","https://t.co/mRUdr4LRWV",FALSE,139,560,2,10960,1,2016-08-02 20:40:00,FALSE,"https://t.co/mRUdr4LRWV","http://bit.ly/emetophobiaguidedl","en","https://pbs.twimg.com/profile_banners/760575899334942720/1517220103","http://abs.twimg.com/images/themes/theme1/bg.png","http://pbs.twimg.com/profile_images/760580605755011073/1wj25urR_normal.jpg"
"x16676365","Sir Captain Kirk","jasonskirk","Williamsport, PA","Sir Captain Kirk of the Starship Enterprise. Knight of the No Agenda Round Table. Producer and creator of podcasts.","https://t.co/uli2cCfi2A",FALSE,299,233,17,14329,4830,2008-10-10 00:06:19,FALSE,"https://t.co/uli2cCfi2A","http://about.me/jasonkirk","en","https://pbs.twimg.com/profile_banners/16676365/1446078439","http://pbs.twimg.com/profile_background_images/29496113/Kirk_Kong_scaled.jpg","http://pbs.twimg.com/profile_images/915699320984363008/ZF2XxrH1_normal.jpg"
"x966785992899350529","Jen Speirs","jenniferspeirs5","Ayr, scotland","Lucky in life and love üíñ",,FALSE,12,54,0,22,343,2018-02-22 21:25:17,FALSE,,,"en","https://pbs.twimg.com/profile_banners/966785992899350529/1519334871",,"http://pbs.twimg.com/profile_images/966786587844665347/vUGVsuXv_normal.jpg"
"x395312602","NHS Ayrshire & Arran","NHSaaa","Ayrshire","Our purpose - working together to achieve the healthiest life possible for everyone in Ayrshire and Arran. Our values - Caring, Safe, Respectful","http://t.co/p5xkz85Por",FALSE,9300,322,116,9860,1193,2011-10-21 13:36:52,TRUE,"http://t.co/p5xkz85Por","http://www.nhsaaa.net","en","https://pbs.twimg.com/profile_banners/395312602/1396107047","http://abs.twimg.com/images/themes/theme1/bg.png","http://pbs.twimg.com/profile_images/802149002703736832/VTQx17rW_normal.jpg"
"x22844473","Meg Bee üåß","onedankmom","Wilmington NC","True Blue Dem in a Red State. Stan for Tarheels, CardiB - Fandom for @starwars @marvel BTTF Wife Mom Child Abuse Survivor üí™üèº",,FALSE,2076,1120,12,32842,89876,2009-03-04 22:17:20,FALSE,,,"en","https://pbs.twimg.com/profile_banners/22844473/1518914439","http://pbs.twimg.com/profile_background_images/334062839/blog-43.jpg","http://pbs.twimg.com/profile_images/967493672181911554/_AgBhRFa_normal.jpg"
"x20514070","penelop√©","lilwitchhh","Richmond, VA","do what you will but harm none","https://t.co/4XU9qbAxog",FALSE,964,254,13,51564,49777,2009-02-10 13:51:14,FALSE,"https://t.co/4XU9qbAxog","http://www.youtube.com/c/BrookeMonroe","en","https://pbs.twimg.com/profile_banners/20514070/1520185993","http://pbs.twimg.com/profile_background_images/575418489403387904/_JR3vqyr.jpeg","http://pbs.twimg.com/profile_images/969761648926969856/KbDIVZ_M_normal.jpg"
"x2396424968","Hassan Choueib","HassCho","Michigan USA","People are of two types: either your brother in faith, or your equal in humanity. https://t.co/ZbrqTSo2jB","https://t.co/daT0Mjzflu",FALSE,76950,75954,736,211220,275288,2014-03-18 15:46:10,FALSE,"https://t.co/daT0Mjzflu","https://www.realestateone.com/vp/AgentServlet?SITE=REO&ScreenID=AGENT_DETAIL_P&cd_Agent=1289","en","https://pbs.twimg.com/profile_banners/2396424968/1418058635","http://abs.twimg.com/images/themes/theme1/bg.png","http://pbs.twimg.com/profile_images/445957610143899649/YGsiMbyJ_normal.jpeg"
"x754281382550077440","Bruce Waynejrv","Bob_Stinson1234","Minneapolis, MN","knows a few chords and a few leads",,FALSE,1635,2937,254,204205,73538,2016-07-16 11:47:50,FALSE,,,"en",,"http://abs.twimg.com/images/themes/theme1/bg.png","http://pbs.twimg.com/profile_images/816783016873709568/SYibbTKU_normal.jpg"
"x719950359557328896","kyle üññ","kygatch","Motown","‚Äúfuck this‚Äù ~ ariana grande",,FALSE,461,357,1,6688,26976,2016-04-12 18:08:36,FALSE,,,"en","https://pbs.twimg.com/profile_banners/719950359557328896/1520346328",,"http://pbs.twimg.com/profile_images/968355881283981314/3ls2dRbt_normal.jpg"
"x20461284","Long-Ass Bitch","repeatedvs","United States","V's
29
A weary, black, trans woman.
she/her
https://t.co/k9BmTqhPJN #dontletitsetin","https://t.co/YTBvaAKf0s",FALSE,259,154,23,72010,19607,2009-02-09 19:56:09,FALSE,"https://t.co/YTBvaAKf0s","http://recurringvs.com/support","en","https://pbs.twimg.com/profile_banners/20461284/1518462993","http://pbs.twimg.com/profile_background_images/816527726/3f97650ac6b82663100c5b233b2f2d54.png","http://pbs.twimg.com/profile_images/967036353513844736/wmdWK8DK_normal.jpg"
"x383179005","Maggie Mae OSullivan","MaggieMaeOS","Indianapolis","Past: HS librarian. Now: COO @ an IT firm. My view: askew. Me in 7 words: Bibliophile, wordsmith, sarcastic, feisty, bewitched, bothered, bewildered. Needs java",,FALSE,305,229,19,13082,582,2011-10-01 12:13:35,FALSE,,,"en","https://pbs.twimg.com/profile_banners/383179005/1398131477","http://abs.twimg.com/images/themes/theme11/bg.gif","http://pbs.twimg.com/profile_images/688359979523280896/2Fd47gBP_normal.jpg"
"x3941612959","la croix defender","YasMan_420","Seattle, WA","Jon Sanders | 18 | Weeb trash| I live in Oregon and play fighting games competitively poorly.","https://t.co/k6xTekIxNq",FALSE,56,979,5,2354,2083,2015-10-19 00:52:50,FALSE,"https://t.co/k6xTekIxNq","https://www.facebook.com/YasRoundabout","en","https://pbs.twimg.com/profile_banners/3941612959/1517202431","http://abs.twimg.com/images/themes/theme1/bg.png","http://pbs.twimg.com/profile_images/957801350913392641/YrjjyQcu_normal.jpg"
"x931826329384898562","The Stars Post","thestarspost","New York, USA","","https://t.co/0ztVWI7UIP",FALSE,40,0,0,50186,0,2017-11-18 10:08:04,FALSE,"https://t.co/0ztVWI7UIP","http://www.starspost.com","en","https://pbs.twimg.com/profile_banners/931826329384898562/1511000286",,"http://pbs.twimg.com/profile_images/931828339890970625/N7w4JEu5_normal.jpg"
"x5683222","The @KxPx","kxpx","Hillsboro, OR","Adjective, Adjective, Adjective, and Adjective.",,FALSE,402,317,35,26688,29096,2007-05-01 12:10:14,FALSE,,,"en","https://pbs.twimg.com/profile_banners/5683222/1511318394","http://pbs.twimg.com/profile_background_images/93168952/patt_4bca589614cc7.jpg","http://pbs.twimg.com/profile_images/932737170552504320/hheudcp8_normal.jpg"
"x3899439159","Breastfeeding World","bfeedingworld","New York, USA","A photography project, online community, and nationwide support project to help create awareness and encourage new moms to take the path of breastfeeding","https://t.co/ezPUHgls7S",FALSE,295,194,6,2239,873,2015-10-08 12:38:11,FALSE,"https://t.co/ezPUHgls7S","http://breastfeedingworld.org","en","https://pbs.twimg.com/profile_banners/3899439159/1509152543","http://abs.twimg.com/images/themes/theme1/bg.png","http://pbs.twimg.com/profile_images/652102451764555776/ALvpll35_normal.jpg"
"x714251421441466368","Deborah Healy","DeborahHealy_","","Wife, mother, passionate type 1 diabetes advocate, and former elementary schoolteacher. If we raise awareness of T1D, we can prevent DKA and save lives!",,FALSE,1462,5001,23,14929,20777,2016-03-28 00:43:03,FALSE,,,"en","https://pbs.twimg.com/profile_banners/714251421441466368/1516968525",,"http://pbs.twimg.com/profile_images/970451291162988544/oOI2A4vM_normal.jpg"
"x1111832371","Ian Welsh OBE","IanMWelsh","","CEO,Health and Social Care Alliance Scotland (@ALLIANCEScot) Non Executive NHSAA : Chair, Ayr Gaiety Partnership : FRSA: D.Univ (UWS)","https://t.co/GDlc7vsQeN",FALSE,5920,1573,520,88505,15622,2013-01-22 15:25:03,FALSE,"https://t.co/GDlc7vsQeN","http://www.alliance-scotland.org.uk","en","https://pbs.twimg.com/profile_banners/1111832371/1381141681","http://abs.twimg.com/images/themes/theme14/bg.gif","http://pbs.twimg.com/profile_images/3148485489/55734a76607c8786a85be1e3092927b5_normal.jpeg"
"x395312602","NHS Ayrshire & Arran","NHSaaa","Ayrshire","Our purpose - working together to achieve the healthiest life possible for everyone in Ayrshire and Arran. Our values - Caring, Safe, Respectful","http://t.co/p5xkz85Por",FALSE,9300,322,116,9860,1193,2011-10-21 13:36:52,TRUE,"http://t.co/p5xkz85Por","http://www.nhsaaa.net","en","https://pbs.twimg.com/profile_banners/395312602/1396107047","http://abs.twimg.com/images/themes/theme1/bg.png","http://pbs.twimg.com/profile_images/802149002703736832/VTQx17rW_normal.jpg"
"x825738536699777024","Sharon Charter","SJCHARTER1","","Diehard Liberal, Political Junkie,Dog lover, Proud Aunt,Sister ,Wife...oh, and Medical Insurance Rep!ü§ì",,FALSE,114,125,1,9180,7895,2017-01-29 16:13:03,FALSE,,,"en",,,"http://pbs.twimg.com/profile_images/886770377455800323/WF9go_P1_normal.jpg"
"x760575899334942720","Emetophobia Fix","EmetophobiaFix","Scottsdale, AZ","Learn about emetophobia and how to get rid of it","https://t.co/mRUdr4LRWV",FALSE,139,560,2,10960,1,2016-08-02 20:40:00,FALSE,"https://t.co/mRUdr4LRWV","http://bit.ly/emetophobiaguidedl","en","https://pbs.twimg.com/profile_banners/760575899334942720/1517220103","http://abs.twimg.com/images/themes/theme1/bg.png","http://pbs.twimg.com/profile_images/760580605755011073/1wj25urR_normal.jpg"
"x819772022746071041","Xiomara","swiatekxiomara2","New York, NY","",,FALSE,8353,4402,12,28591,452,2017-01-13 05:04:15,FALSE,,,"es",,"http://abs.twimg.com/images/themes/theme1/bg.png","http://pbs.twimg.com/profile_images/928549457154621440/ef5w-QZV_normal.png"
"x1242504848","Rachel Canfield","orangeoct0ber","Boston, MA","secretary, non-profiteer, pro-napper. I had a blog but I deleted it. still love to write. still struggling to share it.",,FALSE,159,551,0,10552,23589,2013-03-05 00:21:01,FALSE,,,"en","https://pbs.twimg.com/profile_banners/1242504848/1376526348","http://abs.twimg.com/images/themes/theme1/bg.png","http://pbs.twimg.com/profile_images/450666794483990528/tpyIRbcH_normal.jpeg"
"x818102816","Immediate Care","ImmediateCareNJ","New Jersey, USA","Locations: Brick, East Windsor, Edison, Hazlet, Lacey, Morganville, Red Bank, Toms River, and now Marlboro, NJ","https://t.co/dabahPlMgH",FALSE,234,266,19,1486,31,2012-09-11 20:13:05,FALSE,"https://t.co/dabahPlMgH","http://www.immcare.com","en","https://pbs.twimg.com/profile_banners/818102816/1460407798","http://abs.twimg.com/images/themes/theme1/bg.png","http://pbs.twimg.com/profile_images/710521246656630784/X8suQc2O_normal.jpg"
"x2413681573","Doctors Hospital","DocHospSarasota","Sarasota, FL","Doctors Hospital of Sarasota is a 155-bed acute and general care community hospital serving Sarasota and Manatee counties.","http://t.co/20E0WKCccb",FALSE,373,36,15,773,38,2014-03-27 05:15:33,FALSE,"http://t.co/20E0WKCccb","http://doctorsofsarasota.com","en","https://pbs.twimg.com/profile_banners/2413681573/1396973639","http://pbs.twimg.com/profile_background_images/453566863180439552/kNFG71zF.png","http://pbs.twimg.com/profile_images/453566146415833088/mDyvZ00g_normal.jpeg"
"x711160940","Alexandra","AlexandraVeee","Georgia, USA","üé∂ gotta keep ya head up whoa","https://t.co/xvMujDPMZ3",FALSE,669,475,11,41739,18136,2012-07-22 19:37:28,FALSE,"https://t.co/xvMujDPMZ3","https://youtu.be/n2rocf2IWQs","en","https://pbs.twimg.com/profile_banners/711160940/1518331986","http://pbs.twimg.com/profile_background_images/653620017/ot03ty29b9i0qzcncif6.jpeg","http://pbs.twimg.com/profile_images/962580231377780736/x40H0aou_normal.jpg"
"x835934901102919681","C.A. FREEMANüëΩüëÅÔ∏èüóùÔ∏èüîßüîÆüé≤","CAFREEMAN316","Pauls Valley, OK","OMNITECHNICAL ADVISOR (OtAdv)~ AUTOMOTIVES / SCIENCE / TECHNOLOGY / LOCKSMITHING / ANATOMY / PHYSIOLOGY / NUTRITION / TELEKINETICS / GAMING / COMPUTERS / MUSIC","https://t.co/SIIFZos4c6",FALSE,247,969,4,27712,7459,2017-02-26 19:29:46,FALSE,"https://t.co/SIIFZos4c6","http://ZAZZLE.COM/OMNIWORLD316?rf=238804340669315356","en","https://pbs.twimg.com/profile_banners/835934901102919681/1519163592","http://abs.twimg.com/images/themes/theme1/bg.png","http://pbs.twimg.com/profile_images/971453163910737920/qGwTcy0Z_normal.jpg"
"x3835858102","Miles' 4th Grade","KatieMiles24","North Carolina, USA","",,FALSE,89,72,2,294,266,2015-10-01 18:28:57,FALSE,,,"en","https://pbs.twimg.com/profile_banners/3835858102/1503166703","http://abs.twimg.com/images/themes/theme1/bg.png","http://pbs.twimg.com/profile_images/649653039901478912/RkX8_JO2_normal.jpg"
