Number,State
1,TX
2,Po
3,TX
4,Po
5,Ca
6,TX
7,Po
8,Ca
9,AB
10,FL
11,FL
12,FL
13,CA
14,Ne
15,TX
16,KS
17,AZ
18,OK
19,FL
20,MI
21,CA
22,MN
23,TN
24,CA
25,CA
26,TX
27,OK
28,AZ
29,FL
30,FL
31,IN
32,OK
33,MI
34,PA
35,TX
36,AR
37,ON
38,TX
39,Ne
40,FL
41,FL
42,FL
43,CA
44,To
45,NY
46,KS
47,NC
48,Se
49,IN
50,FL
51,TX
52,NC
53,IL
54,ID
55,KS
56,Un
57,TX
58,NE
59,WV
60,Au
61,UK
62,MS
63,NC
64,MA
65,KS
66,CA
67,IN
68,KY
69,SC
70,ON
71,Ne
72,LA
73,CA
74,TX
75,NS
76,IL
77,TX
78,CA
79,OK
80,IA
81,SC
82,TX
83,TX
84,AZ
85,Se
86,LA
87,Ne
88,AL
89,FL
90,Se
91,KS
92,IL
93,Ne
94,ID
95,WA
96,WA
97,WA
98,WA
99,WA
100,WA
101,WA
102,WA
103,IN
104,MI
105,NY
106,LA
107,25
108,CA
109,US
110,OK
111,AB
112,KS
113,TX
114,CO
115,WA
116,WA
117,Au
118,KS
119,OK
120,FL
121,GA
122,Pa
123,TX
124,Au
125,KS
126,IN
127,MI
128,NC
129,NY
130,AB
131,TX
132,PA
133,CA
134,GA
135,ME
136,NJ
137,PA
138,SC
139,VA
140,MI
141,KY
142,ON
143,NY
144,GA
145,QC
146,CT
147,TX
148,OK
149,IN
150,TX
151,CA
152,AB
153,TX
154,CT
155,NM
156,NA
157,VA
158,FL
159,KS
160,TX
161,CA
162,Ne
163,Ho
164,OH
165,KS
166,NE
167,Be
168,IA
169,TX
170,MO
171,TN
172,CA
173,NJ
174,KS
175,MN
176,TX
177,OH
178,PA
179,KS
180,IA
181,NC
182,Se
183,FL
184,AL
185,GA
186,Sw
187,FL
188,MS
189,CA
190,TN
191,Un
192,CA
193,PA
194,IL
195,PA
196,NA
197,CO
198,MS
199,Co
200,IL
201,NY
202,NY
203,VA
204,NA
205,MS
206,SC
207,OH
208,TN
209,AZ
210,CA
211,MI
212,TN
213,GA
214,WI
215,FL
216,OK
217,Se
218,CA
219,ON
220,CA
221,Ne
222,CA
223,CA
224,WA
225,TN
226,NJ
227,WA
228,NC
229,TX
230,TN
231,St
232,To
233,NC
234,OR
235,OH
236,IL
237,OH
238,TX
239,FL
240,IL
241,NC
242,Se
243,NJ
244,Be
245,MO
246,FL
247,PA
248,TX
249,AL
250,NM
251,NC
252,Se
253,VA
254,33
255,CA
256,CA
257,LA
258,IN
259,MI
260,AR
261,CA
262,TN
263,DC
264,KY
265,VA
266,TX
267,UK
268,MA
269,MI
270,DC
271,NC
272,MN
273,MN
274,DC
275,TN
276,IL
277,OK
278,NC
279,CA
280,TX
281,NE
282,IL
283,KS
284,SC
285,TN
286,UK
287,AL
288,GA
289,Ka
290,MI
291,MI
292,KS
293,PA
294,GA
295,WA
296,OH
297,VA
298,SC
299,SC
300,KS
301,MS
302,TX
303,OK
304,KY
305,OR
306,WA
307,SC
308,LA
309,MD
310,Ri
311,VA
312,MD
313,OK
314,Ne
315,IL
316,NY
317,PA
318,KS
319,TX
320,WI
321,AR
322,KS
323,IN
324,FL
325,Un
326,PA
327,MS
328,CA
329,MD
330,FL
331,Un
332,FL
333,GA
334,LA
335,CT
336,TX
337,MI
338,TN
339,KS
340,AB
341,TX
342,CA
343,KY
344,NY
345,CA
346,IA
347,FL
348,OK
349,OR
350,Un
351,OH
352,CA
353,Ne
354,Se
355,ON
356,IN
357,ME
358,KS
359,VA
360,NY
361,CA
362,Ne
363,MS
364,TN
365,DC
366,MO
367,To
368,TN
369,SC
370,KS
371,Ne
372,TN
373,Ne
374,NC
375,VA
376,DC
377,CA
378,OH
379,CT
380,CA
381,ON
382,PA
383,PA
384,KS
385,KS
386,PA
387,FL
388,FL
389,MO
390,WI
391,GA
392,TN
393,IL
394,TN
395,Na
396,NC
397,Ko
398,SC
399,CO
400,PA
401,PA
402,TX
403,ON
404,FL
405,LA
406,CA
407,WA
408,Se
409,CO
410,IN
411,OK
412,CA
413,FL
414,OH
415,TX
416,TX
417,IA
418,ND
419,OK
420,MO
421,MO
422,TN
423,Ca
424,OH
425,TX
426,CA
427,ME
428,To
429,NY
430,NC
431,NC
432,AR
433,St
434,K.
435,NC
436,Sh
437,CO
438,KS
439,NV
440,Ne
441,MD
442,NV
443,WV
444,IN
445,CA
446,IN
447,KY
448,23
449,IL
450,GA
451,FL
452,MN
453,CO
454,Go
455,MS
456,IN
457,NV
458,NM
459,CA
460,MD
461,PA
462,Na
463,MA
464,Se
465,NC
466,FL
467,OK
468,KS
469,CT
470,0
471,TX
472,IL
473,NJ
474,AR
475,NC
476,DC
477,NY
478,MO
479,WI
480,OK
481,NJ
482,Gh
483,GA
484,MI
485,TX
486,KS
487,Gu
488,TX
489,FL
490,DE
491,KS
492,NC
493,KS
494,FL
495,NC
496,KS
497,NY
498,PA
499,WY
500,Bo
501,TX
502,Au
503,CA
504,OK
505,Ne
506,CA
507,MI
508,TX
509,RI
510,UT
511,TX
512,LA
513,OK
514,NY
515,NA
516,CA
517,CA
518,CA
519,VA
520,US
521,MI
522,GA
523,WI
524,TX
525,FL
526,MD
527,KS
528,AZ
529,Ne
530,MN
531,Ne
532,23
533,MT
534,IL
535,IL
536,Ne
537,To
538,FL
539,TX
540,KY
541,IL
542,To
543,MN
544,MD
545,KS
546,KS
547,MO
548,CA
549,SC
550,OK
551,CA
552,PA
553,Se
554,SD
555,Ne
556,OK
557,AK
558,Ne
559,Ca
560,Au
561,PA
562,OK
563,TX
564,PA
565,FL
566,IL
567,CA
568,CA
569,KY
570,CT
571,WI
572,AB
573,VA
574,LA
575,KS
576,OH
577,Ja
578,AZ
579,UK
580,TN
581,FL
582,NY
583,CA
584,OH
585,NC
586,TN
587,PA
588,FL
589,LA
590,FL
591,Se
592,KS
593,OK
594,VA
595,CA
596,IL
597,AB
598,Au
599,CA
600,CA
601,TN
602,NJ
603,MD
604,AZ
605,TX
606,MN
607,FL
608,DC
609,CA
610,PA
611,CA
612,KS
613,CA
614,FL
615,TX
616,CA
617,VT
618,KS
619,CA
620,FL
621,Ne
622,CA
623,AB
624,NJ
625,KY
626,LA
627,IL
628,TX
629,AL
630,OK
631,AR
632,NJ
633,AR
634,NY
635,FL
636,IL
637,IL
638,NM
639,IL
640,IL
641,OK
642,KS
643,FL
644,KS
645,KS
646,IL
647,TX
648,NY
649,VA
650,AZ
651,NY
652,SK
653,MO
654,Ne
655,TX
656,NJ
657,CA
658,Mi
659,PA
660,IL
661,NY
662,GA
663,VA
664,CA
665,NV
666,AL
667,WA
668,TN
669,CA
670,GA
671,KS
672,SC
673,UK
674,WI
675,IN
676,VA
677,IL
678,NC
679,CT
680,CA
681,CA
682,RI
683,AB
684,Po
685,KS
686,Sh
687,KY
688,TN
689,VI
690,NA
691,CA
692,GA
693,CA
694,CA
695,KS
696,PA
697,Ne
698,MO
699,CA
700,AL
701,DC
702,FL
703,GA
704,MI
705,TX
706,NJ
707,IL
708,CT
709,Ne
710,Ne
711,TX
712,NY
713,NY
714,OH
715,TX
716,NC
717,VA
718,GA
719,Se
720,CA
721,NY
722,IA
723,NC
724,CA
725,PA
726,CA
727,BC
728,CA
729,IL
730,NV
731,PA
732,TX
733,IA
734,CA
735,LA
736,AZ
737,FL
738,WV
739,UK
740,NC
741,UK
742,AB
743,PA
744,KY
745,FL
746,ON
747,CA
748,CA
749,FL
750,NY
751,ON
752,IN
753,NY
754,NY
755,MA
756,MO
757,OH
758,OH
759,MN
760,NA
761,TX
762,CA
763,IL
764,KS
765,KS
766,ID
767,AL
768,OK
769,La
770,CA
771,TX
772,GA
773,KS
774,CA
775,IL
776,MD
777,FL
778,CA
779,GA
780,Ne
781,KS
782,Ge
783,OH
784,UT
785,LA
786,NH
787,UK
788,TN
789,NY
790,NY
791,FL
792,WV
793,SC
794,KY
795,AZ
796,Se
797,IL
798,WI
799,NC
800,KY
801,NY
802,MI
803,CA
804,FL
805,CA
806,TN
807,LA
808,ID
809,Se
810,OH
811,TN
812,IN
813,ID
814,FL
815,IA
816,QC
817,KS
818,TX
819,DC
820,CA
821,Co
822,OK
823,AR
824,FL
825,TN
826,KY
827,CA
828,OR
829,OK
830,IL
831,MO
832,OK
833,Un
834,Un
835,WA
836,FL
837,St
838,IL
839,LA
840,PA
841,38
842,Se
843,NA
844,GA
845,MD
846,US
847,IL
848,LA
849,LA
850,KS
851,LA
852,NE
853,KY
854,OH
855,MD
856,IL
857,CA
858,NE
859,PA
860,SC
861,CA
862,NC
863,NY
864,TX
865,KS
866,PA
867,CO
868,TX
869,VA
870,CA
871,MN
872,TX
873,IL
874,IL
875,IL
876,TN
877,NM
878,LA
879,RI
880,MS
881,IL
882,IL
883,IL
884,IL
885,IL
886,IL
887,IL
888,NJ
889,GA
890,SK
891,LA
892,Ca
893,FL
894,SC
895,FL
896,AL
897,NC
898,NJ
899,AZ
900,IL
901,IL
902,IL
903,IL
904,IL
905,IL
906,IL
907,IL
908,IL
909,IL
910,IL
911,IL
912,IL
913,IL
914,TN
915,TN
916,OR
917,TX
918,NJ
919,NY
920,CA
921,Ne
922,Un
923,MI
924,KS
925,CA
926,IL
927,LA
928,UK
929,IL
930,IL
931,IL
932,TN
933,TX
934,DC
935,TX
936,OR
937,FL
938,CA
939,AR
940,NM
941,CA
942,IL
943,TX
944,IL
945,IL
946,IL
947,IL
948,IL
949,IL
950,IL
951,IL
952,IL
953,IL
954,FL
955,Un
956,DC
957,SD
958,CA
959,CA
960,UK
961,FL
962,IL
963,KS
964,IL
965,IL
966,IL
967,IL
968,IL
969,MI
970,FL
971,NJ
972,TN
973,NV
974,VA
975,IL
976,OK
977,IL
978,AZ
979,IL
980,IL
981,TX
982,NY
983,NA
984,ID
985,CA
986,IL
987,OH
988,IL
989,CA
990,IL
991,IL
992,IL
993,OH
994,OR
995,To
996,KY
997,KS
998,Bo
999,KY
1000,CA
1001,OH
1002,PA
1003,Fi
1004,TN
1005,MT
1006,KS
1007,GA
1008,MO
1009,CA
1010,NE
1011,UK
1012,IN
1013,MI
1014,TX
1015,PA
1016,AB
1017,VA
1018,KS
1019,AL
1020,TX
1021,NY
1022,KY
1023,Ne
1024,NY
1025,OR
1026,TX
1027,GA
1028,St
1029,AZ
1030,Un
1031,ON
1032,NY
1033,ON
1034,Au
1035,TX
1036,TX
1037,To
1038,KS
1039,TX
1040,TX
1041,GA
1042,KS
1043,Ne
1044,AZ
1045,FL
1046,KS
1047,Ti
1048,AZ
1049,Ne
1050,NV
1051,VA
1052,SC
1053,CA
1054,KS
1055,Ne
1056,NV
1057,MO
1058,KS
1059,KS
1060,NC
1061,Un
1062,KS
1063,MA
1064,TN
1065,NJ
1066,VA
1067,KS
1068,CA
1069,Uk
1070,TX
1071,IA
1072,FL
1073,CA
1074,Fi
1075,MI
1076,KS
1077,CO
1078,KS
1079,TX
1080,KS
1081,CO
1082,CA
1083,Ne
1084,Se
1085,Mi
1086,WI
1087,To
1088,WI
1089,GA
1090,PA
1091,NA
1092,To
1093,La
1094,CA
1095,US
1096,TX
1097,Du
1098,AZ
1099,TX
1100,MI
1101,NA
1102,MD
1103,TX
1104,NE
1105,KS
1106,AL
1107,FL
1108,NY
1109,NE
1110,ME
1111,MI
1112,CA
1113,NC
1114,TX
1115,FL
1116,Co
1117,CA
1118,MD
1119,KY
1120,NA
1121,Ne
1122,DC
1123,IN
1124,CA
1125,MD
1126,NY
1127,NY
1128,NY
1129,MA
1130,MI
1131,Ne
1132,UK
1133,DC
1134,NV
1135,OK
1136,MI
1137,FL
1138,MB
1139,CA
1140,TN
1141,Un
1142,PA
1143,CA
1144,CA
1145,CA
1146,DC
1147,RI
1148,MA
1149,TX
1150,No
1151,CA
1152,TX
1153,US
1154,Ja
1155,KY
1156,KS
1157,IL
1158,IN
1159,CA
1160,NJ
1161,OH
1162,AK
1163,NV
1164,CO
1165,NY
1166,FL
1167,OH
1168,CA
1169,CA
1170,Ne
1171,GA
1172,WI
1173,NV
1174,Ne
1175,MA
1176,PA
1177,CA
1178,CA
1179,PA
1180,Un
1181,TX
1182,NC
1183,NY
1184,CA
1185,VA
1186,TX
1187,Ne
1188,WA
1189,KS
1190,KS
1191,UK
1192,CA
1193,NA
1194,TX
1195,WA
1196,No
1197,SC
1198,MD
1199,Se
1200,Sw
1201,TX
1202,Un
1203,49
1204,CA
1205,CA
1206,AZ
1207,KS
1208,MB
1209,SK
1210,TX
1211,IN
1212,CA
1213,To
1214,ON
1215,MA
1216,TX
1217,Un
1218,CA
1219,CT
1220,IL
1221,IN
1222,ON
1223,VA
1224,DC
1225,AZ
1226,GA
1227,CA
1228,Se
1229,KS
1230,Sa
1231,IL
1232,WV
1233,PA
1234,UK
1235,TX
1236,US
1237,Se
1238,Ja
1239,CA
1240,MO
1241,TX
1242,AL
1243,NA
1244,TX
1245,MD
1246,CO
1247,NJ
1248,MO
1249,NJ
1250,VA
1251,NJ
1252,NY
1253,KS
1254,GA
1255,MN
1256,CA
1257,CA
1258,PA
1259,DC
1260,TX
1261,CA
1262,GA
1263,NY
1264,WI
1265,WI
1266,TX
1267,TX
1268,MS
1269,IL
1270,PA
1271,CA
1272,MI
1273,AZ
1274,CA
1275,PA
1276,NY
1277,To
1278,OR
1279,AZ
1280,Se
1281,MN
1282,OH
1283,IL
1284,OK
1285,FL
1286,AR
1287,TX
1288,VA
1289,NY
1290,RI
1291,KS
1292,KS
1293,NJ
1294,Un
1295,TX
1296,AZ
1297,Ne
1298,Se
1299,No
1300,TX
1301,CA
1302,IL
1303,CA
1304,CA
1305,MN
1306,Se
1307,DC
1308,KS
1309,Se
1310,IL
1311,FL
1312,IA
1313,FL
1314,NY
1315,TX
1316,NC
1317,UK
1318,Au
1319,No
1320,AL
1321,AL
1322,To
1323,TX
1324,OR
1325,NJ
1326,AZ
1327,IL
1328,IN
1329,GA
1330,Ne
1331,WA
1332,NY
1333,IL
1334,CA
1335,AZ
1336,FL
1337,NY
1338,NY
1339,CA
1340,PA
1341,UT
1342,SC
1343,WV
1344,CO
1345,NY
1346,Ne
1347,FL
1348,KS
1349,Se
1350,TX
1351,MN
1352,AR
1353,MD
1354,TX
1355,IL
1356,Ne
1357,Ne
1358,AR
1359,MO
1360,NJ
1361,PA
1362,NJ
1363,DC
1364,CA
1365,FL
1366,IL
1367,ON
1368,NL
1369,MN
1370,NA
1371,ON
1372,CA
1373,OK
1374,MD
1375,IL
1376,Sw
1377,Ne
1378,Ne
1379,AR
1380,MO
1381,NJ
1382,NM
1383,NJ
1384,DC
1385,CA
1386,FL
1387,IL
1388,AB
1389,Co
1390,FL
1391,CA
1392,NV
1393,NM
1394,UT
1395,NJ
1396,NE
1397,Ec
1398,ON
1399,NJ
1400,FL
1401,AR
1402,BC
1403,CA
1404,DC
1405,TX
1406,MN
1407,WY
1408,AZ
1409,KS
1410,CT
1411,CT
1412,CT
1413,KS
1414,CA
1415,WA
1416,To
1417,CA
1418,MN
1419,UK
1420,PA
1421,IL
1422,CA
1423,CA
1424,MN
1425,IL
1426,WY
1427,PA
1428,23
1429,0
1430,Au
1431,FL
1432,TX
1433,PA
1434,UK
1435,UK
1436,UK
1437,KS
1438,NV
1439,CA
1440,CO
1441,AZ
1442,NC
1443,MA
1444,IN
1445,FL
1446,AL
1447,SC
1448,TX
1449,CO
1450,KY
1451,CO
1452,CA
1453,To
1454,Ne
1455,OR
1456,KS
1457,KS
1458,OH
1459,NS
1460,UK
1461,NJ
1462,SD
1463,SD
1464,NY
1465,KS
1466,CA
1467,Mo
1468,MI
1469,Ti
1470,Ti
1471,Se
1472,GA
1473,MO
1474,To
1475,MN
1476,MA
1477,IN
1478,FL
1479,AK
1480,CT
1481,CA
1482,VA
1483,St
1484,TX
1485,CA
1486,VT
1487,FL
1488,WA
1489,MN
1490,KS
1491,CA
1492,Co
1493,Au
1494,MN
1495,NY
1496,ON
1497,GA
1498,CA
1499,Se
1500,NC
1501,UK
1502,IN
1503,Ne
1504,KS
1505,WI
1506,NJ
1507,IN
1508,IN
1509,DC
1510,IL
1511,TX
1512,FL
1513,FL
1514,NC
1515,NJ
1516,NY
1517,PA
1518,TX
1519,NJ
1520,UK
1521,PA
1522,MN
1523,MN
1524,NV
1525,MN
1526,MN
1527,MN
1528,CO
1529,CA
1530,CA
1531,WI
1532,Ro
1533,Ne
1534,NC
1535,KS
1536,CO
1537,MT
1538,Sw
1539,DC
1540,FL
1541,Ce
1542,MI
1543,CA
1544,TN
1545,PA
1546,MD
1547,PA
1548,MA
1549,VA
1550,CA
1551,DC
1552,TX
1553,OH
1554,DC
1555,DC
1556,MI
1557,DC
1558,OH
1559,GA
1560,FL
1561,Sa
1562,PA
1563,Ca
1564,KS
1565,To
1566,IA
1567,NY
1568,NY
1569,BC
1570,VA
1571,Ne
1572,NA
1573,OK
1574,TN
1575,OR
1576,NC
1577,NC
1578,MA
1579,SC
1580,To
1581,AZ
1582,NA
1583,KS
1584,Un
1585,DC
1586,TX
1587,ON
1588,DC
1589,WI
1590,NY
1591,KS
1592,Au
1593,ON
1594,FL
1595,KS
1596,CO
1597,Ri
1598,NE
1599,Un
1600,LA
1601,MD
1602,AB
1603,KS
1604,Ne
1605,IN
1606,Si
1607,MI
1608,VT
1609,NC
1610,DC
1611,IN
1612,OH
1613,FL
1614,Ne
1615,GA
1616,DC
1617,Ne
1618,CA
1619,KS
1620,PA
1621,GA
1622,OH
1623,MN
1624,FL
1625,DC
1626,IN
1627,WI
1628,DC
1629,PA
1630,To
1631,PA
1632,To
1633,OH
1634,PA
1635,To
1636,MT
1637,NC
1638,To
1639,Ne
1640,DC
1641,FL
1642,MA
1643,MT
1644,NY
1645,PA
1646,MO
1647,MO
1648,Ne
1649,ID
1650,DC
1651,TX
1652,MO
1653,MO
1654,Ne
1655,ON
1656,MD
1657,MN
1658,TX
1659,UK
1660,Ne
1661,ON
1662,PA
1663,ON
1664,NJ
1665,MO
1666,ON
1667,DC
1668,MO
1669,Sa
1670,OH
1671,ON
1672,MD
1673,UT
1674,Ne
1675,MT
1676,To
1677,ON
1678,IL
1679,WA
1680,Na
1681,OH
1682,CA
1683,KS
1684,GA
1685,MD
1686,Ne
1687,CA
1688,CA
1689,MN
1690,Ne
1691,IA
1692,ON
1693,To
1694,MI
1695,FL
1696,OH
1697,TX
1698,IL
1699,MI
1700,CA
1701,NJ
1702,NA
1703,Do
1704,MO
1705,Co
1706,Ne
1707,CA
1708,MI
1709,FL
1710,ON
1711,Un
1712,ON
1713,NA
1714,NY
1715,Ne
1716,CT
1717,FL
1718,CA
1719,TX
1720,WA
1721,CA
1722,Ne
1723,GA
1724,CA
1725,FL
1726,PA
1727,CA
1728,DC
1729,PA
1730,IL
1731,NC
1732,VA
1733,IA
1734,IL
1735,WI
1736,OR
1737,TX
1738,IN
1739,MI
1740,MA
1741,UK
1742,Ne
1743,Ne
1744,MD
1745,BC
1746,AZ
1747,NJ
1748,MD
1749,NY
1750,TN
1751,KS
1752,No
1753,CA
1754,VT
1755,CA
1756,IN
1757,CA
1758,Ne
1759,KS
1760,TN
1761,MD
1762,FL
1763,MO
1764,GA
1765,PA
1766,MT
1767,MO
1768,NV
1769,TX
1770,TX
1771,Ne
1772,AZ
1773,MO
1774,TX
1775,ON
1776,DC
1777,FL
1778,OH
1779,Se
1780,BC
1781,ON
1782,NC
1783,TX
1784,Ne
1785,ON
1786,OH
1787,TX
1788,TX
1789,PA
1790,IN
1791,NC
1792,NC
1793,NC
1794,DC
1795,NC
1796,NC
1797,DC
1798,TX
1799,PA
1800,MA
1801,TX
1802,TX
1803,MD
1804,TN
1805,MA
1806,MA
1807,UK
1808,MA
1809,MD
1810,DC
1811,MA
1812,KS
1813,OH
1814,TX
1815,WI
1816,DC
1817,GA
1818,CA
1819,PA
1820,Ch
1821,To
1822,NA
1823,MD
1824,NC
1825,NA
1826,OH
1827,Gl
1828,Fi
1829,To
1830,CA
1831,Se
1832,CA
1833,We
1834,Au
1835,15
1836,MN
1837,CA
1838,Ch
1839,81
1840,CA
1841,Do
1842,To
1843,NA
1844,BC
1845,NJ
1846,IL
1847,UK
1848,IN
1849,ON
1850,Ce
1851,NY
1852,VA
1853,MA
1854,CO
1855,Ne
1856,To
1857,KG
1858,OH
1859,TX
1860,Ma
1861,Wa
1862,IL
1863,AR
1864,VA
1865,KS
1866,To
1867,NE
1868,TX
1869,To
1870,VA
1871,To
1872,GA
1873,Co
1874,UK
1875,KS
1876,CA
1877,NA
1878,Bo
1879,AR
1880,FL
1881,WI
1882,FL
1883,CA
1884,MD
1885,28
1886,UK
1887,Co
1888,QC
1889,KS
1890,Un
1891,AZ
1892,MN
1893,MN
1894,MS
1895,UK
1896,KS
1897,TN
1898,NY
1899,MA
1900,SD
1901,FL
1902,CT
1903,AB
1904,Ta
1905,MO
1906,DC
1907,IA
1908,TX
1909,Ne
1910,NY
1911,NY
1912,KS
1913,TX
1914,CA
1915,PA
1916,IL
1917,TX
1918,Ne
1919,IL
1920,KS
1921,NA
1922,NA
1923,MN
1924,MO
1925,IN
1926,MD
1927,IA
1928,WI
1929,SD
1930,ME
1931,WI
1932,RI
1933,ME
1934,GA
1935,Na
1936,FL
1937,OH
1938,Se
1939,IL
1940,DC
1941,AZ
1942,NJ
1943,To
1944,PA
1945,Na
1946,CA
1947,KS
1948,To
1949,WA
1950,Ne
1951,WA
1952,ON
1953,IL
1954,DC
1955,CA
1956,AB
1957,KS
1958,ON
1959,KS
1960,OK
1961,NC
1962,PA
1963,TN
1964,ON
1965,NY
1966,MN
1967,AL
1968,TX
1969,UK
1970,UK
1971,Ne
1972,OH
1973,MN
1974,TX
1975,ON
1976,CA
1977,CA
1978,OH
1979,CO
1980,TX
1981,KS
1982,CA
1983,AR
1984,AB
1985,TX
1986,CA
1987,CA
1988,MI
1989,St
1990,KS
1991,KS
1992,TX
1993,NM
1994,VA
1995,MD
1996,OH
1997,NV
1998,WV
1999,NY
2000,MN
2001,ON
2002,FL
2003,OH
2004,OR
2005,WY
2006,Ma
2007,Co
2008,OK
2009,IN
2010,ON
2011,Pa
2012,NC
2013,Ma
2014,Pe
2015,WY
2016,Ne
2017,GA
2018,Po
2019,NY
2020,Un
2021,Ri
2022,CO
2023,CA
2024,PA
2025,FL
2026,PA
2027,Ak
2028,KS
2029,KS
2030,Bo
2031,IN
2032,MA
2033,To
2034,OR
2035,NJ
2036,FL
2037,AL
2038,GA
2039,CA
2040,CA
2041,NC
2042,US
2043,OH
2044,NY
2045,TX
2046,TX
2047,CA
2048,UT
2049,FL
2050,NJ
2051,Un
2052,CA
2053,TN
2054,NH
2055,NV
2056,AB
2057,CA
2058,FL
2059,OR
2060,FL
2061,Pa
2062,IL
2063,TX
2064,Un
2065,CA
2066,CA
2067,NY
2068,BC
2069,OK
2070,Na
2071,TX
2072,Au
2073,KS
2074,TX
2075,IL
2076,Ne
2077,Am
2078,NY
2079,NY
2080,VA
2081,CA
2082,CA
2083,VA
2084,NY
2085,PA
2086,OH
2087,PA
2088,OR
2089,RI
2090,IL
2091,Au
2092,Un
2093,ON
2094,CA
2095,IL
2096,NA
2097,VA
2098,OR
2099,Co
2100,NJ
2101,TX
2102,Un
2103,KS
2104,GA
2105,ME
2106,MN
2107,MS
2108,CA
2109,DC
2110,TN
2111,KS
2112,IL
2113,IL
2114,No
2115,MA
2116,OH
2117,KS
2118,Co
2119,CA
2120,CA
2121,NA
2122,KS
2123,IL
2124,OH
2125,Ne
2126,NY
2127,VA
2128,ON
2129,BC
2130,GA
2131,KS
2132,TX
2133,Ne
2134,MI
2135,GA
2136,GA
2137,WA
2138,VA
2139,TX
2140,TX
2141,Gr
2142,GA
2143,MN
2144,Ja
2145,CA
2146,KS
2147,VT
2148,TX
2149,To
2150,CA
2151,FL
2152,NJ
2153,TN
2154,DC
2155,OH
2156,WV
2157,TX
2158,FL
2159,Mi
2160,DE
2161,MA
2162,CA
2163,UK
2164,CA
2165,UK
2166,Bu
2167,Lo
2168,OH
2169,CA
2170,CA
2171,KS
2172,NY
2173,CA
2174,FL
2175,CA
2176,KS
2177,TX
2178,VI
2179,Bu
2180,MS
2181,6
2182,NA
2183,Ne
2184,BC
2185,Ce
2186,NA
2187,To
2188,IA
2189,NV
2190,NA
2191,CA
2192,NA
2193,NA
2194,St
2195,TX
2196,CA
2197,Am
2198,CA
2199,TX
2200,PA
2201,AZ
2202,AL
2203,KG
2204,BC
2205,MN
2206,CA
2207,MD
2208,MD
2209,FL
2210,WA
2211,TX
2212,WA
2213,KY
2214,Re
2215,CO
2216,PA
2217,WI
2218,PA
2219,VA
2220,UK
2221,KY
2222,Ne
2223,IL
2224,FL
2225,CA
2226,SK
2227,Ge
2228,IL
2229,CA
2230,IL
2231,AL
2232,CA
2233,NY
2234,CA
2235,NC
2236,AK
2237,AZ
2238,MO
2239,ON
2240,IA
2241,SC
2242,NV
2243,IL
2244,KY
2245,WI
2246,Ne
2247,MO
2248,MI
2249,Ne
2250,OR
2251,MD
2252,DC
2253,NY
2254,KS
2255,ON
2256,PA
2257,KS
2258,KS
2259,CA
2260,OK
2261,AZ
2262,MA
2263,NA
2264,MB
2265,GA
2266,Ya
2267,CA
2268,KS
2269,Jo
2270,BC
2271,FL
2272,KS
2273,CA
2274,IN
2275,6
2276,PA
2277,Ge
2278,Ma
2279,SC
2280,KS
2281,FL
2282,UK
2283,CA
2284,IL
2285,KS
2286,NS
2287,UK
2288,IN
2289,MO
2290,OR
2291,VA
2292,NV
2293,NJ
2294,OK
2295,CA
2296,ON
2297,Ne
2298,MO
2299,RI
2300,Me
2301,Ne
2302,AZ
2303,KS
2304,NA
2305,AB
2306,OH
2307,TX
2308,Lo
2309,Du
2310,Lo
2311,Se
2312,Ku
2313,ON
2314,Ro
2315,PA
2316,Ne
2317,FL
2318,KS
2319,Ne
2320,AR
2321,PA
2322,PA
2323,NA
2324,NC
2325,Gw
2326,Ta
2327,UK
2328,IL
2329,CA
2330,NM
2331,NM
2332,NM
2333,NM
2334,NJ
2335,CA
2336,AB
2337,UK
2338,PA
2339,NE
2340,CA
2341,NH
2342,KS
2343,WI
2344,KS
2345,FL
2346,KS
2347,TX
2348,MI
2349,PA
2350,KY
2351,FL
2352,OR
2353,BC
2354,MI
2355,MO
2356,CA
2357,MN
2358,Ne
2359,CO
2360,Un
2361,AZ
2362,IN
2363,MO
2364,NM
2365,QC
2366,SC
2367,ME
2368,KY
2369,Se
2370,CA
2371,AZ
2372,Ne
2373,MI
2374,MO
2375,ON
2376,WI
2377,IL
2378,WA
2379,KS
2380,FL
2381,MI
2382,UK
2383,KS
2384,CO
2385,KS
2386,KS
2387,WA
2388,CA
2389,CA
2390,Ja
2391,UK
2392,Ne
2393,MO
2394,Ne
2395,PA
2396,PA
2397,IL
2398,OR
2399,TN
2400,OR
2401,CA
2402,OH
2403,NY
2404,Un
2405,CA
2406,IN
2407,AZ
2408,OR
2409,CA
2410,MO
2411,CA
2412,UK
2413,NJ
2414,LA
2415,Ne
2416,WY
2417,Ne
2418,NY
2419,Ne
2420,CA
2421,CA
2422,KS
2423,UK
2424,FL
2425,MI
2426,CA
2427,VA
2428,Ne
2429,KY
2430,LA
2431,CA
2432,CA
2433,KS
2434,KS
2435,IN
2436,GA
2437,Ne
2438,FL
2439,Ne
2440,CO
2441,Un
2442,FL
2443,VT
2444,VT
2445,ON
2446,Se
2447,NY
2448,ON
2449,TN
2450,KS
2451,Ge
2452,TX
2453,LA
2454,Fr
2455,MI
2456,CA
2457,KS
2458,KS
2459,Au
2460,83
2461,Fr
2462,AL
2463,CA
2464,Un
2465,KS
2466,GA
2467,IL
2468,CA
2469,NC
2470,KY
2471,AZ
2472,KS
2473,NJ
2474,NC
2475,TX
2476,ON
2477,WA
2478,AR
2479,Un
2480,MI
2481,CA
2482,Un
2483,MD
2484,GA
2485,PA
2486,GA
2487,CO
2488,KS
2489,IL
2490,CA
2491,TX
2492,MI
2493,NY
2494,SC
2495,To
2496,MN
2497,AK
2498,GA
2499,NC
2500,NA
2501,Be
2502,VA
2503,UK
2504,KS
2505,UK
2506,OK
2507,CA
2508,ON
2509,MN
2510,AZ
2511,Ne
2512,PA
2513,AZ
2514,CT
2515,OR
2516,Se
2517,FL
2518,TX
2519,MO
2520,Ha
2521,TN
2522,Lo
2523,TX
2524,TX
2525,KG
2526,Un
2527,Kh
2528,MN
2529,NY
2530,CA
2531,CA
2532,TX
2533,TX
2534,FL
2535,CA
2536,NY
2537,MN
2538,PA
2539,CA
2540,NC
2541,CA
2542,PA
2543,ON
2544,FL
2545,WI
2546,Na
2547,NC
2548,IL
2549,AK
2550,CA
2551,CA
2552,PA
2553,OR
2554,OR
2555,Un
2556,GA
2557,AZ
2558,OR
2559,CA
2560,CA
2561,De
2562,CA
2563,KS
2564,UK
2565,IN
2566,CA
2567,MB
2568,ON
2569,CA
2570,TX
2571,MO
2572,CA
2573,20
2574,KS
2575,CA
2576,CA
2577,CA
2578,OH
2579,KS
2580,IL
2581,KS
2582,Co
2583,Co
2584,OR
2585,OK
2586,NY
2587,IL
2588,NY
2589,KS
2590,AZ
2591,LA
2592,LA
2593,ON
2594,Co
2595,MA
2596,TN
2597,NC
2598,Gr
2599,KS
2600,IL
2601,FL
2602,ON
2603,UK
2604,FL
2605,KS
2606,UK
2607,OR
2608,AZ
2609,FL
2610,MO
2611,CA
2612,KS
2613,Lo
2614,NY
2615,KS
2616,KS
2617,ON
2618,NA
2619,To
2620,KS
2621,KS
2622,CA
2623,Ne
2624,MA
2625,OH
2626,TX
2627,SC
2628,KS
2629,QC
2630,VA
2631,CA
2632,FL
2633,TX
2634,TX
2635,FL
2636,WA
2637,CO
2638,UT
2639,PA
2640,CA
2641,PA
2642,TX
2643,NC
2644,OR
2645,VA
2646,Ne
2647,PA
2648,ON
2649,TX
2650,TX
2651,ME
2652,FL
2653,To
2654,FL
2655,FL
2656,VT
2657,PA
2658,ON
2659,NC
2660,NH
2661,Se
2662,CA
2663,IL
2664,TN
2665,KS
2666,DC
2667,UK
2668,77
2669,TX
2670,NY
2671,WA
2672,CA
2673,IL
2674,PA
2675,28
2676,35
2677,WA
2678,Do
2679,To
2680,FL
2681,Ne
2682,OR
2683,KS
2684,UT
2685,Un
2686,MA
2687,MA
2688,MA
2689,OK
2690,AZ
2691,PA
2692,TN
2693,OH
2694,KS
2695,FL
2696,ON
2697,MA
2698,NA
2699,De
2700,To
2701,To
2702,Un
2703,GA
2704,PA
2705,TX
2706,MI
2707,CA
2708,FL
2709,VA
2710,TX
2711,IN
2712,Se
2713,TX
2714,WI
2715,OR
2716,KY
2717,TX
2718,TX
2719,IL
2720,IL
2721,OH
2722,Pa
2723,KS
2724,Ne
2725,CA
2726,IN
2727,QC
2728,Ja
2729,IL
2730,Ne
2731,Co
2732,Au
2733,FL
2734,Fi
2735,KS
2736,CA
2737,KG
2738,TX
2739,Co
2740,NY
2741,IL
2742,MI
2743,To
2744,To
2745,Ka
2746,VA
2747,CA
2748,UT
2749,TX
2750,VA
2751,PA
2752,TX
2753,NY
2754,KS
2755,TX
2756,MA
2757,KS
2758,KS
2759,NJ
2760,CA
2761,MO
2762,CA
2763,ON
2764,TN
2765,TX
2766,TX
2767,OR
2768,CA
2769,CA
2770,AZ
2771,IL
2772,TX
2773,OH
2774,GA
2775,TX
2776,MO
2777,AZ
2778,NY
2779,KS
2780,MN
2781,Po
2782,IN
2783,Sw
2784,KS
2785,FL
2786,MI
2787,CA
2788,MA
2789,GA
2790,Co
2791,MA
2792,KS
2793,FL
2794,CA
2795,CA
2796,VA
2797,CA
2798,OK
2799,Sw
2800,OH
2801,Se
2802,QC
2803,Ch
2804,CA
2805,OH
2806,PA
2807,IN
2808,Ne
2809,MD
2810,CA
2811,IL
2812,GA
2813,Co
2814,MD
2815,PA
2816,TX
2817,KS
2818,KS
2819,NY
2820,CA
2821,KS
2822,ID
2823,MN
2824,IA
2825,KS
2826,ON
2827,AZ
2828,AL
2829,TX
2830,CA
2831,NY
2832,UK
2833,UK
2834,UK
2835,IA
2836,MI
2837,MN
2838,MI
2839,Se
2840,Ne
2841,Ne
2842,IA
2843,Ne
2844,NJ
2845,FL
2846,NC
2847,WV
2848,MA
2849,KS
2850,KS
2851,Ne
2852,Ne
2853,Sw
2854,WV
2855,TX
2856,TX
2857,WV
2858,OR
2859,KS
2860,UT
2861,VA
2862,IN
2863,KY
2864,KS
2865,FL
2866,TX
2867,OH
2868,23
2869,TX
2870,UT
2871,CA
2872,WI
2873,TX
2874,AZ
2875,US
2876,AB
2877,MA
2878,Un
2879,BC
2880,NC
2881,Fr
2882,MI
2883,Ne
2884,Co
2885,Sa
2886,IN
2887,WA
2888,Ne
2889,VA
2890,MD
2891,ID
2892,WA
2893,TX
2894,Se
2895,OH
2896,AZ
2897,TN
2898,CA
2899,CA
2900,KS
2901,NY
2902,CA
2903,UT
2904,Ne
2905,IN
2906,PA
2907,AZ
2908,NC
2909,TX
2910,CA
2911,Un
2912,UK
2913,ON
2914,IL
2915,NC
2916,Ne
2917,MN
2918,CA
2919,CA
2920,IL
2921,CO
2922,FL
2923,IN
2924,Un
2925,OH
2926,AZ
2927,CA
2928,MA
2929,MO
2930,Ne
2931,VA
2932,CA
2933,NC
2934,UT
2935,MD
2936,IL
2937,MI
2938,KS
2939,IN
2940,CT
2941,WI
2942,TX
2943,KS
2944,ON
2945,CO
2946,IL
2947,AZ
2948,CA
2949,CA
2950,VA
2951,IL
2952,NJ
2953,AB
2954,Se
2955,NA
2956,NM
2957,KS
2958,PA
2959,Ca
2960,TX
2961,TX
2962,UT
2963,US
2964,Me
2965,MT
2966,CA
2967,US
2968,CA
2969,WI
2970,AL
2971,MA
2972,AZ
2973,US
2974,NY
2975,CA
2976,TX
2977,PA
2978,UK
2979,PA
2980,OH
2981,ON
2982,SC
2983,Fi
2984,MB
2985,MB
2986,TX
2987,MB
2988,NY
2989,NH
2990,TX
2991,ON
2992,MD
2993,CA
2994,TX
2995,Ch
2996,CA
2997,NH
2998,TX
2999,MI
3000,Ne
3001,CA
3002,CA
3003,IL
3004,KS
3005,CA
3006,OH
3007,OK
3008,MO
3009,TX
3010,Un
3011,OH
3012,TX
3013,IA
3014,CA
3015,CA
3016,MB
3017,NV
3018,AZ
3019,KS
3020,WI
3021,CA
3022,FL
3023,OR
3024,TX
3025,VA
3026,GA
3027,NY
3028,KS
3029,NY
3030,GA
3031,GA
3032,OK
3033,NV
3034,OH
3035,CA
3036,FL
3037,IL
3038,CA
3039,MA
3040,OR
3041,TX
3042,IN
3043,NY
3044,AZ
3045,VA
3046,MD
3047,NJ
3048,La
3049,GA
3050,NY
3051,PA
3052,FL
3053,NY
3054,IL
3055,MD
3056,MN
3057,NJ
3058,TX
3059,Un
3060,MI
3061,KS
3062,TN
3063,PA
3064,KS
3065,MA
3066,NY
3067,KS
3068,NE
3069,PA
3070,NC
3071,NJ
3072,TX
3073,CA
3074,MD
3075,CA
3076,AB
3077,Au
3078,Un
3079,CA
3080,Un
3081,IA
3082,TX
3083,WI
3084,NM
3085,CA
3086,CA
3087,CA
3088,Ne
3089,NJ
3090,NC
3091,NJ
3092,MA
3093,TX
3094,NJ
3095,TX
3096,IL
3097,No
3098,WI
3099,Ja
3100,CA
3101,AZ
3102,KS
3103,AR
3104,OR
3105,KS
3106,De
3107,OK
3108,CA
3109,KS
3110,TX
3111,UT
3112,GA
3113,IL
3114,CA
3115,Se
3116,Ne
3117,To
3118,Ne
3119,GA
3120,NY
3121,AZ
3122,MI
3123,GA
3124,CA
3125,MA
3126,KS
3127,ID
3128,IL
3129,PA
3130,WI
3131,TX
3132,KS
3133,GA
3134,AZ
3135,MO
3136,OH
3137,VA
3138,IL
3139,TX
3140,Ne
3141,89
3142,IN
3143,KS
3144,NA
3145,To
3146,MO
3147,NA
3148,UT
3149,TX
3150,Ne
3151,FL
3152,PA
3153,OH
3154,TX
3155,NY
3156,SK
3157,SK
3158,CA
3159,UT
3160,NY
3161,MN
3162,KS
3163,NS
3164,FL
3165,NA
3166,TN
3167,GA
3168,NC
3169,IL
3170,Ca
3171,CA
3172,IL
3173,FL
3174,TX
3175,MI
3176,Mo
3177,KS
3178,KS
3179,CA
3180,NY
3181,FL
3182,CA
3183,NJ
3184,GA
3185,CA
3186,NA
3187,TN
3188,AZ
3189,FL
3190,OR
3191,NE
3192,PA
3193,ON
3194,NY
3195,GA
3196,KS
3197,GA
3198,KS
3199,SK
3200,WV
3201,WI
3202,IL
3203,IN
3204,NC
3205,TN
3206,WV
3207,Co
3208,CA
3209,IL
3210,MD
3211,KS
3212,KS
3213,NA
3214,IL
3215,MI
3216,WA
3217,OH
3218,KY
3219,TX
3220,NV
3221,8
3222,Ne
3223,KS
3224,CA
3225,AL
3226,CA
3227,CA
3228,PA
3229,WI
3230,Ne
3231,OH
3232,FL
3233,MN
3234,NA
3235,UK
3236,KS
3237,Un
3238,Ne
3239,NY
3240,CA
3241,ID
3242,NC
3243,CA
3244,Ho
3245,Un
3246,PA
3247,AR
3248,NY
3249,OH
3250,IN
3251,PA
3252,TX
3253,WA
3254,To
3255,To
3256,AZ
3257,ON
3258,KS
3259,NA
3260,TX